asset_id,hostname,asset_type,criticality,department,owner
ASSET-001,DC-CORP-01,server,Critical,IT,sysadmin
ASSET-002,DC-CORP-02,server,Critical,IT,sysadmin
ASSET-003,FS-CORP-01,server,High,IT,sysadmin
ASSET-004,ERP-SRV-01,server,Critical,Finance,erp_admin
ASSET-005,DB-FIN-01,server,Critical,Finance,dba_team
ASSET-006,WEB-DMZ-01,server,High,Engineering,webmaster
ASSET-007,WEB-DMZ-02,server,High,Engineering,webmaster
ASSET-008,MAIL-SRV-01,server,High,IT,sysadmin
ASSET-009,BUILD-SRV-01,server,Medium,Engineering,devops
ASSET-010,JUMP-SRV-01,server,High,IT,sysadmin
ASSET-011,WS-FIN-001,workstation,High,Finance,alice.morgan
ASSET-012,WS-FIN-002,workstation,High,Finance,bob.chen
ASSET-013,WS-FIN-003,workstation,Medium,Finance,carol.west
ASSET-014,WS-FIN-014,workstation,High,Finance,admin01
ASSET-015,WS-ENG-001,workstation,Medium,Engineering,dave.kumar
ASSET-016,WS-ENG-002,workstation,Medium,Engineering,eve.sharma
ASSET-017,WS-ENG-003,workstation,Low,Engineering,frank.lee
ASSET-018,WS-HR-001,workstation,Medium,HR,grace.patel
ASSET-019,WS-HR-002,workstation,Low,HR,henry.xu
ASSET-020,WS-EXEC-001,workstation,Critical,Executive,cfo
ASSET-021,WS-EXEC-002,workstation,Critical,Executive,ceo
ASSET-022,LAPTOP-IT-001,laptop,Medium,IT,it_support
ASSET-023,LAPTOP-IT-002,laptop,Medium,IT,it_support
ASSET-024,LAPTOP-FIN-001,laptop,High,Finance,alice.morgan
ASSET-025,PRINTER-FIN-01,printer,Low,Finance,facilities
ASSET-026,CAMERA-LBY-01,iot,Low,Facilities,facilities
ASSET-027,VPN-GW-01,network,Critical,IT,netadmin
ASSET-028,FW-CORP-01,network,Critical,IT,netadmin
ASSET-029,SW-CORE-01,network,High,IT,netadmin
ASSET-030,BACKUP-SRV-01,server,High,IT,sysadmin
